day,time,visit
13/8/2013,0:00,19
13/8/2013,0:01,21
13/8/2013,0:02,27
13/8/2013,0:03,28
13/8/2013,0:04,21
13/8/2013,0:05,15
13/8/2013,0:06,22
13/8/2013,0:07,15
13/8/2013,0:08,23
13/8/2013,0:09,15
13/8/2013,0:10,28
13/8/2013,0:11,18
13/8/2013,0:12,20
13/8/2013,0:13,24
13/8/2013,0:14,20
13/8/2013,0:15,24
13/8/2013,0:16,15
13/8/2013,0:17,26
13/8/2013,0:18,15
13/8/2013,0:19,19
13/8/2013,0:20,26
13/8/2013,0:21,22
13/8/2013,0:22,21
13/8/2013,0:23,27
13/8/2013,0:24,17
13/8/2013,0:25,26
13/8/2013,0:26,14
13/8/2013,0:27,18
13/8/2013,0:28,23
13/8/2013,0:29,19
13/8/2013,0:30,28
13/8/2013,0:31,27
13/8/2013,0:32,17
13/8/2013,0:33,26
13/8/2013,0:34,17
13/8/2013,0:35,27
13/8/2013,0:36,15
13/8/2013,0:37,22
13/8/2013,0:38,15
13/8/2013,0:39,24
13/8/2013,0:40,16
13/8/2013,0:41,20
13/8/2013,0:42,25
13/8/2013,0:43,14
13/8/2013,0:44,28
13/8/2013,0:45,27
13/8/2013,0:46,24
13/8/2013,0:47,19
13/8/2013,0:48,27
13/8/2013,0:49,23
13/8/2013,0:50,22
13/8/2013,0:51,22
13/8/2013,0:52,21
13/8/2013,0:53,19
13/8/2013,0:54,19
13/8/2013,0:55,24
13/8/2013,0:56,20
13/8/2013,0:57,27
13/8/2013,0:58,26
13/8/2013,0:59,16
13/8/2013,1:00,9
13/8/2013,1:01,11
13/8/2013,1:02,9
13/8/2013,1:03,13
13/8/2013,1:04,20
13/8/2013,1:05,16
13/8/2013,1:06,18
13/8/2013,1:07,17
13/8/2013,1:08,17
13/8/2013,1:09,7
13/8/2013,1:10,8
13/8/2013,1:11,9
13/8/2013,1:12,15
13/8/2013,1:13,18
13/8/2013,1:14,9
13/8/2013,1:15,19
13/8/2013,1:16,16
13/8/2013,1:17,15
13/8/2013,1:18,9
13/8/2013,1:19,16
13/8/2013,1:20,17
13/8/2013,1:21,20
13/8/2013,1:22,10
13/8/2013,1:23,19
13/8/2013,1:24,7
13/8/2013,1:25,17
13/8/2013,1:26,20
13/8/2013,1:27,12
13/8/2013,1:28,6
13/8/2013,1:29,13
13/8/2013,1:30,7
13/8/2013,1:31,14
13/8/2013,1:32,16
13/8/2013,1:33,7
13/8/2013,1:34,17
13/8/2013,1:35,8
13/8/2013,1:36,12
13/8/2013,1:37,15
13/8/2013,1:38,18
13/8/2013,1:39,6
13/8/2013,1:40,17
13/8/2013,1:41,20
13/8/2013,1:42,16
13/8/2013,1:43,18
13/8/2013,1:44,11
13/8/2013,1:45,13
13/8/2013,1:46,14
13/8/2013,1:47,7
13/8/2013,1:48,17
13/8/2013,1:49,14
13/8/2013,1:50,14
13/8/2013,1:51,6
13/8/2013,1:52,10
13/8/2013,1:53,9
13/8/2013,1:54,6
13/8/2013,1:55,17
13/8/2013,1:56,17
13/8/2013,1:57,11
13/8/2013,1:58,13
13/8/2013,1:59,20
13/8/2013,2:00,3
13/8/2013,2:01,10
13/8/2013,2:02,13
13/8/2013,2:03,4
13/8/2013,2:04,10
13/8/2013,2:05,9
13/8/2013,2:06,2
13/8/2013,2:07,12
13/8/2013,2:08,14
13/8/2013,2:09,7
13/8/2013,2:10,8
13/8/2013,2:11,7
13/8/2013,2:12,2
13/8/2013,2:13,10
13/8/2013,2:14,8
13/8/2013,2:15,16
13/8/2013,2:16,5
13/8/2013,2:17,14
13/8/2013,2:18,13
13/8/2013,2:19,8
13/8/2013,2:20,9
13/8/2013,2:21,6
13/8/2013,2:22,3
13/8/2013,2:23,8
13/8/2013,2:24,9
13/8/2013,2:25,7
13/8/2013,2:26,10
13/8/2013,2:27,8
13/8/2013,2:28,3
13/8/2013,2:29,11
13/8/2013,2:30,4
13/8/2013,2:31,15
13/8/2013,2:32,16
13/8/2013,2:33,13
13/8/2013,2:34,10
13/8/2013,2:35,8
13/8/2013,2:36,14
13/8/2013,2:37,13
13/8/2013,2:38,10
13/8/2013,2:39,12
13/8/2013,2:40,5
13/8/2013,2:41,8
13/8/2013,2:42,13
13/8/2013,2:43,13
13/8/2013,2:44,10
13/8/2013,2:45,5
13/8/2013,2:46,10
13/8/2013,2:47,6
13/8/2013,2:48,15
13/8/2013,2:49,8
13/8/2013,2:50,7
13/8/2013,2:51,7
13/8/2013,2:52,5
13/8/2013,2:53,12
13/8/2013,2:54,8
13/8/2013,2:55,13
13/8/2013,2:56,4
13/8/2013,2:57,7
13/8/2013,2:58,8
13/8/2013,2:59,11
13/8/2013,3:00,5
13/8/2013,3:01,2
13/8/2013,3:02,5
13/8/2013,3:03,8
13/8/2013,3:04,5
13/8/2013,3:05,12
13/8/2013,3:06,7
13/8/2013,3:07,6
13/8/2013,3:08,15
13/8/2013,3:09,5
13/8/2013,3:10,4
13/8/2013,3:11,12
13/8/2013,3:12,1
13/8/2013,3:13,6
13/8/2013,3:14,4
13/8/2013,3:15,1
13/8/2013,3:16,11
13/8/2013,3:17,15
13/8/2013,3:18,3
13/8/2013,3:19,9
13/8/2013,3:20,8
13/8/2013,3:21,9
13/8/2013,3:22,1
13/8/2013,3:23,2
13/8/2013,3:24,15
13/8/2013,3:25,1
13/8/2013,3:26,15
13/8/2013,3:27,2
13/8/2013,3:28,10
13/8/2013,3:29,8
13/8/2013,3:30,2
13/8/2013,3:31,7
13/8/2013,3:32,15
13/8/2013,3:33,11
13/8/2013,3:34,14
13/8/2013,3:35,15
13/8/2013,3:36,6
13/8/2013,3:37,3
13/8/2013,3:38,12
13/8/2013,3:39,10
13/8/2013,3:40,3
13/8/2013,3:41,10
13/8/2013,3:42,1
13/8/2013,3:43,9
13/8/2013,3:44,10
13/8/2013,3:45,11
13/8/2013,3:46,1
13/8/2013,3:47,10
13/8/2013,3:48,9
13/8/2013,3:49,15
13/8/2013,3:50,2
13/8/2013,3:51,11
13/8/2013,3:52,10
13/8/2013,3:53,4
13/8/2013,3:54,8
13/8/2013,3:55,10
13/8/2013,3:56,13
13/8/2013,3:57,8
13/8/2013,3:58,9
13/8/2013,3:59,14
13/8/2013,4:00,9
13/8/2013,4:01,13
13/8/2013,4:02,9
13/8/2013,4:03,8
13/8/2013,4:04,11
13/8/2013,4:05,9
13/8/2013,4:06,4
13/8/2013,4:07,8
13/8/2013,4:08,5
13/8/2013,4:09,1
13/8/2013,4:10,8
13/8/2013,4:11,9
13/8/2013,4:12,11
13/8/2013,4:13,3
13/8/2013,4:14,2
13/8/2013,4:15,12
13/8/2013,4:16,11
13/8/2013,4:17,9
13/8/2013,4:18,0
13/8/2013,4:19,10
13/8/2013,4:20,12
13/8/2013,4:21,1
13/8/2013,4:22,2
13/8/2013,4:23,6
13/8/2013,4:24,2
13/8/2013,4:25,14
13/8/2013,4:26,14
13/8/2013,4:27,14
13/8/2013,4:28,4
13/8/2013,4:29,7
13/8/2013,4:30,13
13/8/2013,4:31,1
13/8/2013,4:32,12
13/8/2013,4:33,3
13/8/2013,4:34,2
13/8/2013,4:35,1
13/8/2013,4:36,8
13/8/2013,4:37,8
13/8/2013,4:38,0
13/8/2013,4:39,4
13/8/2013,4:40,10
13/8/2013,4:41,10
13/8/2013,4:42,11
13/8/2013,4:43,8
13/8/2013,4:44,3
13/8/2013,4:45,4
13/8/2013,4:46,3
13/8/2013,4:47,11
13/8/2013,4:48,11
13/8/2013,4:49,7
13/8/2013,4:50,8
13/8/2013,4:51,12
13/8/2013,4:52,12
13/8/2013,4:53,4
13/8/2013,4:54,3
13/8/2013,4:55,7
13/8/2013,4:56,11
13/8/2013,4:57,10
13/8/2013,4:58,9
13/8/2013,4:59,4
13/8/2013,5:00,12
13/8/2013,5:01,15
13/8/2013,5:02,1
13/8/2013,5:03,12
13/8/2013,5:04,8
13/8/2013,5:05,14
13/8/2013,5:06,11
13/8/2013,5:07,2
13/8/2013,5:08,5
13/8/2013,5:09,4
13/8/2013,5:10,8
13/8/2013,5:11,6
13/8/2013,5:12,10
13/8/2013,5:13,4
13/8/2013,5:14,12
13/8/2013,5:15,7
13/8/2013,5:16,1
13/8/2013,5:17,7
13/8/2013,5:18,15
13/8/2013,5:19,6
13/8/2013,5:20,11
13/8/2013,5:21,5
13/8/2013,5:22,2
13/8/2013,5:23,3
13/8/2013,5:24,5
13/8/2013,5:25,6
13/8/2013,5:26,5
13/8/2013,5:27,8
13/8/2013,5:28,3
13/8/2013,5:29,14
13/8/2013,5:30,14
13/8/2013,5:31,14
13/8/2013,5:32,14
13/8/2013,5:33,11
13/8/2013,5:34,5
13/8/2013,5:35,6
13/8/2013,5:36,11
13/8/2013,5:37,15
13/8/2013,5:38,6
13/8/2013,5:39,10
13/8/2013,5:40,11
13/8/2013,5:41,11
13/8/2013,5:42,15
13/8/2013,5:43,9
13/8/2013,5:44,4
13/8/2013,5:45,6
13/8/2013,5:46,1
13/8/2013,5:47,5
13/8/2013,5:48,13
13/8/2013,5:49,15
13/8/2013,5:50,8
13/8/2013,5:51,2
13/8/2013,5:52,3
13/8/2013,5:53,12
13/8/2013,5:54,9
13/8/2013,5:55,15
13/8/2013,5:56,3
13/8/2013,5:57,6
13/8/2013,5:58,12
13/8/2013,5:59,1
13/8/2013,6:00,12
13/8/2013,6:01,3
13/8/2013,6:02,13
13/8/2013,6:03,7
13/8/2013,6:04,14
13/8/2013,6:05,7
13/8/2013,6:06,8
13/8/2013,6:07,16
13/8/2013,6:08,3
13/8/2013,6:09,17
13/8/2013,6:10,9
13/8/2013,6:11,12
13/8/2013,6:12,4
13/8/2013,6:13,4
13/8/2013,6:14,6
13/8/2013,6:15,14
13/8/2013,6:16,15
13/8/2013,6:17,15
13/8/2013,6:18,17
13/8/2013,6:19,13
13/8/2013,6:20,7
13/8/2013,6:21,11
13/8/2013,6:22,10
13/8/2013,6:23,12
13/8/2013,6:24,10
13/8/2013,6:25,6
13/8/2013,6:26,8
13/8/2013,6:27,7
13/8/2013,6:28,8
13/8/2013,6:29,5
13/8/2013,6:30,3
13/8/2013,6:31,10
13/8/2013,6:32,4
13/8/2013,6:33,9
13/8/2013,6:34,11
13/8/2013,6:35,12
13/8/2013,6:36,10
13/8/2013,6:37,11
13/8/2013,6:38,15
13/8/2013,6:39,9
13/8/2013,6:40,9
13/8/2013,6:41,6
13/8/2013,6:42,6
13/8/2013,6:43,6
13/8/2013,6:44,3
13/8/2013,6:45,16
13/8/2013,6:46,13
13/8/2013,6:47,7
13/8/2013,6:48,17
13/8/2013,6:49,11
13/8/2013,6:50,7
13/8/2013,6:51,15
13/8/2013,6:52,4
13/8/2013,6:53,11
13/8/2013,6:54,8
13/8/2013,6:55,4
13/8/2013,6:56,4
13/8/2013,6:57,12
13/8/2013,6:58,5
13/8/2013,6:59,13
13/8/2013,7:00,15
13/8/2013,7:01,14
13/8/2013,7:02,13
13/8/2013,7:03,13
13/8/2013,7:04,16
13/8/2013,7:05,19
13/8/2013,7:06,17
13/8/2013,7:07,9
13/8/2013,7:08,11
13/8/2013,7:09,19
13/8/2013,7:10,10
13/8/2013,7:11,9
13/8/2013,7:12,17
13/8/2013,7:13,16
13/8/2013,7:14,19
13/8/2013,7:15,7
13/8/2013,7:16,15
13/8/2013,7:17,7
13/8/2013,7:18,19
13/8/2013,7:19,13
13/8/2013,7:20,16
13/8/2013,7:21,18
13/8/2013,7:22,20
13/8/2013,7:23,19
13/8/2013,7:24,8
13/8/2013,7:25,13
13/8/2013,7:26,9
13/8/2013,7:27,17
13/8/2013,7:28,9
13/8/2013,7:29,14
13/8/2013,7:30,19
13/8/2013,7:31,15
13/8/2013,7:32,11
13/8/2013,7:33,15
13/8/2013,7:34,15
13/8/2013,7:35,20
13/8/2013,7:36,18
13/8/2013,7:37,8
13/8/2013,7:38,15
13/8/2013,7:39,10
13/8/2013,7:40,20
13/8/2013,7:41,12
13/8/2013,7:42,6
13/8/2013,7:43,7
13/8/2013,7:44,13
13/8/2013,7:45,14
13/8/2013,7:46,20
13/8/2013,7:47,12
13/8/2013,7:48,20
13/8/2013,7:49,19
13/8/2013,7:50,9
13/8/2013,7:51,16
13/8/2013,7:52,12
13/8/2013,7:53,15
13/8/2013,7:54,18
13/8/2013,7:55,10
13/8/2013,7:56,12
13/8/2013,7:57,7
13/8/2013,7:58,9
13/8/2013,7:59,12
13/8/2013,8:00,13
13/8/2013,8:01,17
13/8/2013,8:02,16
13/8/2013,8:03,20
13/8/2013,8:04,21
13/8/2013,8:05,18
13/8/2013,8:06,15
13/8/2013,8:07,16
13/8/2013,8:08,22
13/8/2013,8:09,14
13/8/2013,8:10,16
13/8/2013,8:11,14
13/8/2013,8:12,14
13/8/2013,8:13,15
13/8/2013,8:14,23
13/8/2013,8:15,22
13/8/2013,8:16,10
13/8/2013,8:17,16
13/8/2013,8:18,13
13/8/2013,8:19,10
13/8/2013,8:20,12
13/8/2013,8:21,19
13/8/2013,8:22,11
13/8/2013,8:23,22
13/8/2013,8:24,12
13/8/2013,8:25,16
13/8/2013,8:26,15
13/8/2013,8:27,16
13/8/2013,8:28,23
13/8/2013,8:29,10
13/8/2013,8:30,21
13/8/2013,8:31,15
13/8/2013,8:32,12
13/8/2013,8:33,22
13/8/2013,8:34,9
13/8/2013,8:35,16
13/8/2013,8:36,13
13/8/2013,8:37,14
13/8/2013,8:38,16
13/8/2013,8:39,12
13/8/2013,8:40,16
13/8/2013,8:41,18
13/8/2013,8:42,16
13/8/2013,8:43,21
13/8/2013,8:44,23
13/8/2013,8:45,12
13/8/2013,8:46,18
13/8/2013,8:47,11
13/8/2013,8:48,10
13/8/2013,8:49,14
13/8/2013,8:50,17
13/8/2013,8:51,22
13/8/2013,8:52,17
13/8/2013,8:53,23
13/8/2013,8:54,11
13/8/2013,8:55,14
13/8/2013,8:56,22
13/8/2013,8:57,13
13/8/2013,8:58,13
13/8/2013,8:59,22
13/8/2013,9:00,15
13/8/2013,9:01,12
13/8/2013,9:02,17
13/8/2013,9:03,17
13/8/2013,9:04,12
13/8/2013,9:05,10
13/8/2013,9:06,22
13/8/2013,9:07,20
13/8/2013,9:08,22
13/8/2013,9:09,22
13/8/2013,9:10,21
13/8/2013,9:11,10
13/8/2013,9:12,21
13/8/2013,9:13,23
13/8/2013,9:14,15
13/8/2013,9:15,16
13/8/2013,9:16,22
13/8/2013,9:17,24
13/8/2013,9:18,14
13/8/2013,9:19,11
13/8/2013,9:20,21
13/8/2013,9:21,21
13/8/2013,9:22,16
13/8/2013,9:23,18
13/8/2013,9:24,18
13/8/2013,9:25,21
13/8/2013,9:26,18
13/8/2013,9:27,21
13/8/2013,9:28,15
13/8/2013,9:29,17
13/8/2013,9:30,23
13/8/2013,9:31,22
13/8/2013,9:32,19
13/8/2013,9:33,19
13/8/2013,9:34,23
13/8/2013,9:35,20
13/8/2013,9:36,10
13/8/2013,9:37,23
13/8/2013,9:38,17
13/8/2013,9:39,21
13/8/2013,9:40,11
13/8/2013,9:41,23
13/8/2013,9:42,15
13/8/2013,9:43,13
13/8/2013,9:44,12
13/8/2013,9:45,16
13/8/2013,9:46,15
13/8/2013,9:47,16
13/8/2013,9:48,14
13/8/2013,9:49,17
13/8/2013,9:50,10
13/8/2013,9:51,16
13/8/2013,9:52,13
13/8/2013,9:53,14
13/8/2013,9:54,10
13/8/2013,9:55,22
13/8/2013,9:56,12
13/8/2013,9:57,22
13/8/2013,9:58,21
13/8/2013,9:59,24
13/8/2013,10:00,11
13/8/2013,10:01,14
13/8/2013,10:02,16
13/8/2013,10:03,18
13/8/2013,10:04,20
13/8/2013,10:05,18
13/8/2013,10:06,13
13/8/2013,10:07,17
13/8/2013,10:08,16
13/8/2013,10:09,11
13/8/2013,10:10,16
13/8/2013,10:11,20
13/8/2013,10:12,15
13/8/2013,10:13,17
13/8/2013,10:14,15
13/8/2013,10:15,10
13/8/2013,10:16,12
13/8/2013,10:17,18
13/8/2013,10:18,13
13/8/2013,10:19,18
13/8/2013,10:20,9
13/8/2013,10:21,20
13/8/2013,10:22,16
13/8/2013,10:23,10
13/8/2013,10:24,14
13/8/2013,10:25,15
13/8/2013,10:26,10
13/8/2013,10:27,20
13/8/2013,10:28,22
13/8/2013,10:29,8
13/8/2013,10:30,18
13/8/2013,10:31,10
13/8/2013,10:32,8
13/8/2013,10:33,13
13/8/2013,10:34,20
13/8/2013,10:35,8
13/8/2013,10:36,19
13/8/2013,10:37,9
13/8/2013,10:38,18
13/8/2013,10:39,15
13/8/2013,10:40,17
13/8/2013,10:41,15
13/8/2013,10:42,9
13/8/2013,10:43,14
13/8/2013,10:44,16
13/8/2013,10:45,14
13/8/2013,10:46,17
13/8/2013,10:47,8
13/8/2013,10:48,8
13/8/2013,10:49,9
13/8/2013,10:50,16
13/8/2013,10:51,16
13/8/2013,10:52,10
13/8/2013,10:53,9
13/8/2013,10:54,19
13/8/2013,10:55,12
13/8/2013,10:56,12
13/8/2013,10:57,15
13/8/2013,10:58,15
13/8/2013,10:59,17
13/8/2013,11:00,18
13/8/2013,11:01,16
13/8/2013,11:02,7
13/8/2013,11:03,21
13/8/2013,11:04,8
13/8/2013,11:05,7
13/8/2013,11:06,18
13/8/2013,11:07,15
13/8/2013,11:08,15
13/8/2013,11:09,9
13/8/2013,11:10,9
13/8/2013,11:11,17
13/8/2013,11:12,15
13/8/2013,11:13,20
13/8/2013,11:14,8
13/8/2013,11:15,16
13/8/2013,11:16,12
13/8/2013,11:17,13
13/8/2013,11:18,19
13/8/2013,11:19,13
13/8/2013,11:20,9
13/8/2013,11:21,18
13/8/2013,11:22,20
13/8/2013,11:23,12
13/8/2013,11:24,19
13/8/2013,11:25,21
13/8/2013,11:26,7
13/8/2013,11:27,10
13/8/2013,11:28,20
13/8/2013,11:29,11
13/8/2013,11:30,15
13/8/2013,11:31,18
13/8/2013,11:32,14
13/8/2013,11:33,13
13/8/2013,11:34,17
13/8/2013,11:35,10
13/8/2013,11:36,18
13/8/2013,11:37,10
13/8/2013,11:38,7
13/8/2013,11:39,13
13/8/2013,11:40,19
13/8/2013,11:41,14
13/8/2013,11:42,17
13/8/2013,11:43,12
13/8/2013,11:44,18
13/8/2013,11:45,15
13/8/2013,11:46,8
13/8/2013,11:47,11
13/8/2013,11:48,18
13/8/2013,11:49,13
13/8/2013,11:50,8
13/8/2013,11:51,18
13/8/2013,11:52,16
13/8/2013,11:53,8
13/8/2013,11:54,11
13/8/2013,11:55,16
13/8/2013,11:56,20
13/8/2013,11:57,19
13/8/2013,11:58,12
13/8/2013,11:59,10
13/8/2013,12:00,22
13/8/2013,12:01,15
13/8/2013,12:02,21
13/8/2013,12:03,17
13/8/2013,12:04,21
13/8/2013,12:05,14
13/8/2013,12:06,26
13/8/2013,12:07,27
13/8/2013,12:08,27
13/8/2013,12:09,19
13/8/2013,12:10,23
13/8/2013,12:11,25
13/8/2013,12:12,18
13/8/2013,12:13,24
13/8/2013,12:14,22
13/8/2013,12:15,17
13/8/2013,12:16,23
13/8/2013,12:17,22
13/8/2013,12:18,23
13/8/2013,12:19,26
13/8/2013,12:20,16
13/8/2013,12:21,23
13/8/2013,12:22,15
13/8/2013,12:23,16
13/8/2013,12:24,14
13/8/2013,12:25,23
13/8/2013,12:26,20
13/8/2013,12:27,16
13/8/2013,12:28,15
13/8/2013,12:29,17
13/8/2013,12:30,25
13/8/2013,12:31,15
13/8/2013,12:32,22
13/8/2013,12:33,20
13/8/2013,12:34,22
13/8/2013,12:35,21
13/8/2013,12:36,16
13/8/2013,12:37,27
13/8/2013,12:38,26
13/8/2013,12:39,18
13/8/2013,12:40,27
13/8/2013,12:41,27
13/8/2013,12:42,20
13/8/2013,12:43,22
13/8/2013,12:44,19
13/8/2013,12:45,25
13/8/2013,12:46,15
13/8/2013,12:47,18
13/8/2013,12:48,18
13/8/2013,12:49,25
13/8/2013,12:50,26
13/8/2013,12:51,26
13/8/2013,12:52,27
13/8/2013,12:53,15
13/8/2013,12:54,25
13/8/2013,12:55,24
13/8/2013,12:56,25
13/8/2013,12:57,19
13/8/2013,12:58,19
13/8/2013,12:59,24
13/8/2013,13:00,25
13/8/2013,13:01,22
13/8/2013,13:02,25
13/8/2013,13:03,18
13/8/2013,13:04,24
13/8/2013,13:05,25
13/8/2013,13:06,28
13/8/2013,13:07,16
13/8/2013,13:08,18
13/8/2013,13:09,23
13/8/2013,13:10,22
13/8/2013,13:11,30
13/8/2013,13:12,21
13/8/2013,13:13,20
13/8/2013,13:14,17
13/8/2013,13:15,20
13/8/2013,13:16,25
13/8/2013,13:17,18
13/8/2013,13:18,22
13/8/2013,13:19,17
13/8/2013,13:20,21
13/8/2013,13:21,30
13/8/2013,13:22,30
13/8/2013,13:23,23
13/8/2013,13:24,19
13/8/2013,13:25,23
13/8/2013,13:26,22
13/8/2013,13:27,16
13/8/2013,13:28,16
13/8/2013,13:29,23
13/8/2013,13:30,19
13/8/2013,13:31,18
13/8/2013,13:32,22
13/8/2013,13:33,25
13/8/2013,13:34,26
13/8/2013,13:35,24
13/8/2013,13:36,26
13/8/2013,13:37,29
13/8/2013,13:38,20
13/8/2013,13:39,30
13/8/2013,13:40,24
13/8/2013,13:41,24
13/8/2013,13:42,20
13/8/2013,13:43,23
13/8/2013,13:44,24
13/8/2013,13:45,26
13/8/2013,13:46,23
13/8/2013,13:47,22
13/8/2013,13:48,17
13/8/2013,13:49,18
13/8/2013,13:50,24
13/8/2013,13:51,24
13/8/2013,13:52,24
13/8/2013,13:53,22
13/8/2013,13:54,29
13/8/2013,13:55,20
13/8/2013,13:56,22
13/8/2013,13:57,21
13/8/2013,13:58,27
13/8/2013,13:59,26
13/8/2013,14:00,25
13/8/2013,14:01,24
13/8/2013,14:02,28
13/8/2013,14:03,31
13/8/2013,14:04,21
13/8/2013,14:05,28
13/8/2013,14:06,26
13/8/2013,14:07,19
13/8/2013,14:08,27
13/8/2013,14:09,22
13/8/2013,14:10,30
13/8/2013,14:11,20
13/8/2013,14:12,30
13/8/2013,14:13,27
13/8/2013,14:14,18
13/8/2013,14:15,22
13/8/2013,14:16,27
13/8/2013,14:17,25
13/8/2013,14:18,22
13/8/2013,14:19,18
13/8/2013,14:20,26
13/8/2013,14:21,24
13/8/2013,14:22,25
13/8/2013,14:23,21
13/8/2013,14:24,18
13/8/2013,14:25,24
13/8/2013,14:26,32
13/8/2013,14:27,32
13/8/2013,14:28,25
13/8/2013,14:29,27
13/8/2013,14:30,30
13/8/2013,14:31,24
13/8/2013,14:32,22
13/8/2013,14:33,21
13/8/2013,14:34,18
13/8/2013,14:35,26
13/8/2013,14:36,29
13/8/2013,14:37,27
13/8/2013,14:38,25
13/8/2013,14:39,23
13/8/2013,14:40,19
13/8/2013,14:41,18
13/8/2013,14:42,30
13/8/2013,14:43,19
13/8/2013,14:44,18
13/8/2013,14:45,28
13/8/2013,14:46,23
13/8/2013,14:47,26
13/8/2013,14:48,25
13/8/2013,14:49,29
13/8/2013,14:50,18
13/8/2013,14:51,32
13/8/2013,14:52,28
13/8/2013,14:53,21
13/8/2013,14:54,24
13/8/2013,14:55,26
13/8/2013,14:56,20
13/8/2013,14:57,28
13/8/2013,14:58,19
13/8/2013,14:59,21
13/8/2013,15:00,27
13/8/2013,15:01,28
13/8/2013,15:02,34
13/8/2013,15:03,30
13/8/2013,15:04,21
13/8/2013,15:05,21
13/8/2013,15:06,27
13/8/2013,15:07,26
13/8/2013,15:08,24
13/8/2013,15:09,31
13/8/2013,15:10,31
13/8/2013,15:11,33
13/8/2013,15:12,30
13/8/2013,15:13,30
13/8/2013,15:14,22
13/8/2013,15:15,27
13/8/2013,15:16,33
13/8/2013,15:17,22
13/8/2013,15:18,30
13/8/2013,15:19,24
13/8/2013,15:20,20
13/8/2013,15:21,30
13/8/2013,15:22,27
13/8/2013,15:23,23
13/8/2013,15:24,29
13/8/2013,15:25,21
13/8/2013,15:26,30
13/8/2013,15:27,31
13/8/2013,15:28,27
13/8/2013,15:29,21
13/8/2013,15:30,26
13/8/2013,15:31,30
13/8/2013,15:32,25
13/8/2013,15:33,31
13/8/2013,15:34,26
13/8/2013,15:35,27
13/8/2013,15:36,29
13/8/2013,15:37,34
13/8/2013,15:38,20
13/8/2013,15:39,26
13/8/2013,15:40,20
13/8/2013,15:41,30
13/8/2013,15:42,20
13/8/2013,15:43,32
13/8/2013,15:44,27
13/8/2013,15:45,30
13/8/2013,15:46,34
13/8/2013,15:47,32
13/8/2013,15:48,27
13/8/2013,15:49,22
13/8/2013,15:50,25
13/8/2013,15:51,23
13/8/2013,15:52,34
13/8/2013,15:53,27
13/8/2013,15:54,23
13/8/2013,15:55,26
13/8/2013,15:56,27
13/8/2013,15:57,33
13/8/2013,15:58,23
13/8/2013,15:59,24
13/8/2013,16:00,24
13/8/2013,16:01,32
13/8/2013,16:02,33
13/8/2013,16:03,23
13/8/2013,16:04,32
13/8/2013,16:05,22
13/8/2013,16:06,26
13/8/2013,16:07,23
13/8/2013,16:08,30
13/8/2013,16:09,23
13/8/2013,16:10,30
13/8/2013,16:11,26
13/8/2013,16:12,31
13/8/2013,16:13,23
13/8/2013,16:14,24
13/8/2013,16:15,32
13/8/2013,16:16,29
13/8/2013,16:17,27
13/8/2013,16:18,35
13/8/2013,16:19,26
13/8/2013,16:20,35
13/8/2013,16:21,25
13/8/2013,16:22,28
13/8/2013,16:23,24
13/8/2013,16:24,25
13/8/2013,16:25,32
13/8/2013,16:26,21
13/8/2013,16:27,27
13/8/2013,16:28,30
13/8/2013,16:29,23
13/8/2013,16:30,21
13/8/2013,16:31,29
13/8/2013,16:32,33
13/8/2013,16:33,28
13/8/2013,16:34,29
13/8/2013,16:35,30
13/8/2013,16:36,25
13/8/2013,16:37,23
13/8/2013,16:38,35
13/8/2013,16:39,34
13/8/2013,16:40,21
13/8/2013,16:41,26
13/8/2013,16:42,33
13/8/2013,16:43,23
13/8/2013,16:44,31
13/8/2013,16:45,23
13/8/2013,16:46,24
13/8/2013,16:47,21
13/8/2013,16:48,31
13/8/2013,16:49,27
13/8/2013,16:50,21
13/8/2013,16:51,29
13/8/2013,16:52,31
13/8/2013,16:53,32
13/8/2013,16:54,29
13/8/2013,16:55,24
13/8/2013,16:56,28
13/8/2013,16:57,30
13/8/2013,16:58,22
13/8/2013,16:59,29
13/8/2013,17:00,31
13/8/2013,17:01,36
13/8/2013,17:02,29
13/8/2013,17:03,32
13/8/2013,17:04,33
13/8/2013,17:05,28
13/8/2013,17:06,33
13/8/2013,17:07,27
13/8/2013,17:08,28
13/8/2013,17:09,29
13/8/2013,17:10,35
13/8/2013,17:11,27
13/8/2013,17:12,37
13/8/2013,17:13,37
13/8/2013,17:14,33
13/8/2013,17:15,36
13/8/2013,17:16,36
13/8/2013,17:17,30
13/8/2013,17:18,33
13/8/2013,17:19,28
13/8/2013,17:20,35
13/8/2013,17:21,36
13/8/2013,17:22,27
13/8/2013,17:23,25
13/8/2013,17:24,34
13/8/2013,17:25,28
13/8/2013,17:26,27
13/8/2013,17:27,26
13/8/2013,17:28,31
13/8/2013,17:29,31
13/8/2013,17:30,28
13/8/2013,17:31,27
13/8/2013,17:32,26
13/8/2013,17:33,37
13/8/2013,17:34,30
13/8/2013,17:35,29
13/8/2013,17:36,28
13/8/2013,17:37,38
13/8/2013,17:38,38
13/8/2013,17:39,30
13/8/2013,17:40,34
13/8/2013,17:41,29
13/8/2013,17:42,33
13/8/2013,17:43,25
13/8/2013,17:44,34
13/8/2013,17:45,25
13/8/2013,17:46,28
13/8/2013,17:47,34
13/8/2013,17:48,38
13/8/2013,17:49,33
13/8/2013,17:50,34
13/8/2013,17:51,36
13/8/2013,17:52,37
13/8/2013,17:53,25
13/8/2013,17:54,35
13/8/2013,17:55,33
13/8/2013,17:56,29
13/8/2013,17:57,37
13/8/2013,17:58,32
13/8/2013,17:59,28
13/8/2013,18:00,28
13/8/2013,18:01,30
13/8/2013,18:02,30
13/8/2013,18:03,42
13/8/2013,18:04,35
13/8/2013,18:05,39
13/8/2013,18:06,42
13/8/2013,18:07,33
13/8/2013,18:08,30
13/8/2013,18:09,39
13/8/2013,18:10,40
13/8/2013,18:11,37
13/8/2013,18:12,40
13/8/2013,18:13,41
13/8/2013,18:14,36
13/8/2013,18:15,32
13/8/2013,18:16,29
13/8/2013,18:17,38
13/8/2013,18:18,37
13/8/2013,18:19,38
13/8/2013,18:20,30
13/8/2013,18:21,32
13/8/2013,18:22,37
13/8/2013,18:23,33
13/8/2013,18:24,39
13/8/2013,18:25,35
13/8/2013,18:26,32
13/8/2013,18:27,41
13/8/2013,18:28,33
13/8/2013,18:29,29
13/8/2013,18:30,30
13/8/2013,18:31,33
13/8/2013,18:32,37
13/8/2013,18:33,41
13/8/2013,18:34,39
13/8/2013,18:35,41
13/8/2013,18:36,29
13/8/2013,18:37,31
13/8/2013,18:38,28
13/8/2013,18:39,30
13/8/2013,18:40,32
13/8/2013,18:41,29
13/8/2013,18:42,40
13/8/2013,18:43,28
13/8/2013,18:44,41
13/8/2013,18:45,33
13/8/2013,18:46,28
13/8/2013,18:47,38
13/8/2013,18:48,38
13/8/2013,18:49,42
13/8/2013,18:50,41
13/8/2013,18:51,34
13/8/2013,18:52,35
13/8/2013,18:53,29
13/8/2013,18:54,31
13/8/2013,18:55,40
13/8/2013,18:56,37
13/8/2013,18:57,30
13/8/2013,18:58,34
13/8/2013,18:59,36
13/8/2013,19:00,29
13/8/2013,19:01,36
13/8/2013,19:02,40
13/8/2013,19:03,33
13/8/2013,19:04,38
13/8/2013,19:05,43
13/8/2013,19:06,39
13/8/2013,19:07,37
13/8/2013,19:08,42
13/8/2013,19:09,41
13/8/2013,19:10,35
13/8/2013,19:11,40
13/8/2013,19:12,42
13/8/2013,19:13,42
13/8/2013,19:14,42
13/8/2013,19:15,32
13/8/2013,19:16,39
13/8/2013,19:17,43
13/8/2013,19:18,43
13/8/2013,19:19,43
13/8/2013,19:20,36
13/8/2013,19:21,30
13/8/2013,19:22,36
13/8/2013,19:23,42
13/8/2013,19:24,29
13/8/2013,19:25,39
13/8/2013,19:26,29
13/8/2013,19:27,36
13/8/2013,19:28,38
13/8/2013,19:29,30
13/8/2013,19:30,29
13/8/2013,19:31,38
13/8/2013,19:32,41
13/8/2013,19:33,34
13/8/2013,19:34,41
13/8/2013,19:35,38
13/8/2013,19:36,37
13/8/2013,19:37,33
13/8/2013,19:38,36
13/8/2013,19:39,39
13/8/2013,19:40,37
13/8/2013,19:41,30
13/8/2013,19:42,41
13/8/2013,19:43,36
13/8/2013,19:44,33
13/8/2013,19:45,36
13/8/2013,19:46,39
13/8/2013,19:47,43
13/8/2013,19:48,32
13/8/2013,19:49,32
13/8/2013,19:50,38
13/8/2013,19:51,35
13/8/2013,19:52,41
13/8/2013,19:53,42
13/8/2013,19:54,31
13/8/2013,19:55,29
13/8/2013,19:56,42
13/8/2013,19:57,32
13/8/2013,19:58,36
13/8/2013,19:59,31
13/8/2013,20:00,36
13/8/2013,20:01,39
13/8/2013,20:02,38
13/8/2013,20:03,34
13/8/2013,20:04,46
13/8/2013,20:05,45
13/8/2013,20:06,35
13/8/2013,20:07,39
13/8/2013,20:08,44
13/8/2013,20:09,33
13/8/2013,20:10,39
13/8/2013,20:11,40
13/8/2013,20:12,46
13/8/2013,20:13,34
13/8/2013,20:14,40
13/8/2013,20:15,39
13/8/2013,20:16,41
13/8/2013,20:17,40
13/8/2013,20:18,38
13/8/2013,20:19,43
13/8/2013,20:20,45
13/8/2013,20:21,32
13/8/2013,20:22,40
13/8/2013,20:23,38
13/8/2013,20:24,32
13/8/2013,20:25,46
13/8/2013,20:26,40
13/8/2013,20:27,44
13/8/2013,20:28,40
13/8/2013,20:29,43
13/8/2013,20:30,41
13/8/2013,20:31,45
13/8/2013,20:32,36
13/8/2013,20:33,41
13/8/2013,20:34,43
13/8/2013,20:35,38
13/8/2013,20:36,42
13/8/2013,20:37,39
13/8/2013,20:38,43
13/8/2013,20:39,36
13/8/2013,20:40,38
13/8/2013,20:41,34
13/8/2013,20:42,46
13/8/2013,20:43,40
13/8/2013,20:44,46
13/8/2013,20:45,43
13/8/2013,20:46,46
13/8/2013,20:47,42
13/8/2013,20:48,33
13/8/2013,20:49,40
13/8/2013,20:50,42
13/8/2013,20:51,33
13/8/2013,20:52,40
13/8/2013,20:53,37
13/8/2013,20:54,45
13/8/2013,20:55,38
13/8/2013,20:56,39
13/8/2013,20:57,39
13/8/2013,20:58,32
13/8/2013,20:59,42
13/8/2013,21:00,34
13/8/2013,21:01,40
13/8/2013,21:02,42
13/8/2013,21:03,42
13/8/2013,21:04,42
13/8/2013,21:05,30
13/8/2013,21:06,37
13/8/2013,21:07,41
13/8/2013,21:08,37
13/8/2013,21:09,31
13/8/2013,21:10,40
13/8/2013,21:11,38
13/8/2013,21:12,40
13/8/2013,21:13,30
13/8/2013,21:14,34
13/8/2013,21:15,42
13/8/2013,21:16,38
13/8/2013,21:17,44
13/8/2013,21:18,43
13/8/2013,21:19,36
13/8/2013,21:20,38
13/8/2013,21:21,37
13/8/2013,21:22,30
13/8/2013,21:23,32
13/8/2013,21:24,32
13/8/2013,21:25,39
13/8/2013,21:26,35
13/8/2013,21:27,37
13/8/2013,21:28,41
13/8/2013,21:29,33
13/8/2013,21:30,37
13/8/2013,21:31,38
13/8/2013,21:32,40
13/8/2013,21:33,40
13/8/2013,21:34,30
13/8/2013,21:35,42
13/8/2013,21:36,41
13/8/2013,21:37,39
13/8/2013,21:38,40
13/8/2013,21:39,36
13/8/2013,21:40,42
13/8/2013,21:41,31
13/8/2013,21:42,36
13/8/2013,21:43,41
13/8/2013,21:44,30
13/8/2013,21:45,40
13/8/2013,21:46,44
13/8/2013,21:47,32
13/8/2013,21:48,38
13/8/2013,21:49,33
13/8/2013,21:50,41
13/8/2013,21:51,44
13/8/2013,21:52,36
13/8/2013,21:53,30
13/8/2013,21:54,31
13/8/2013,21:55,38
13/8/2013,21:56,43
13/8/2013,21:57,35
13/8/2013,21:58,43
13/8/2013,21:59,44
13/8/2013,22:00,35
13/8/2013,22:01,34
13/8/2013,22:02,40
13/8/2013,22:03,29
13/8/2013,22:04,31
13/8/2013,22:05,29
13/8/2013,22:06,36
13/8/2013,22:07,38
13/8/2013,22:08,30
13/8/2013,22:09,38
13/8/2013,22:10,40
13/8/2013,22:11,28
13/8/2013,22:12,37
13/8/2013,22:13,39
13/8/2013,22:14,41
13/8/2013,22:15,30
13/8/2013,22:16,33
13/8/2013,22:17,35
13/8/2013,22:18,42
13/8/2013,22:19,28
13/8/2013,22:20,38
13/8/2013,22:21,37
13/8/2013,22:22,28
13/8/2013,22:23,40
13/8/2013,22:24,40
13/8/2013,22:25,39
13/8/2013,22:26,31
13/8/2013,22:27,37
13/8/2013,22:28,34
13/8/2013,22:29,33
13/8/2013,22:30,40
13/8/2013,22:31,41
13/8/2013,22:32,30
13/8/2013,22:33,28
13/8/2013,22:34,42
13/8/2013,22:35,33
13/8/2013,22:36,30
13/8/2013,22:37,28
13/8/2013,22:38,38
13/8/2013,22:39,42
13/8/2013,22:40,38
13/8/2013,22:41,37
13/8/2013,22:42,41
13/8/2013,22:43,40
13/8/2013,22:44,36
13/8/2013,22:45,28
13/8/2013,22:46,30
13/8/2013,22:47,40
13/8/2013,22:48,39
13/8/2013,22:49,41
13/8/2013,22:50,33
13/8/2013,22:51,31
13/8/2013,22:52,35
13/8/2013,22:53,36
13/8/2013,22:54,37
13/8/2013,22:55,31
13/8/2013,22:56,29
13/8/2013,22:57,33
13/8/2013,22:58,30
13/8/2013,22:59,34
13/8/2013,23:00,34
13/8/2013,23:01,39
13/8/2013,23:02,29
13/8/2013,23:03,29
13/8/2013,23:04,31
13/8/2013,23:05,39
13/8/2013,23:06,26
13/8/2013,23:07,32
13/8/2013,23:08,38
13/8/2013,23:09,27
13/8/2013,23:10,36
13/8/2013,23:11,31
13/8/2013,23:12,37
13/8/2013,23:13,39
13/8/2013,23:14,27
13/8/2013,23:15,27
13/8/2013,23:16,33
13/8/2013,23:17,35
13/8/2013,23:18,38
13/8/2013,23:19,37
13/8/2013,23:20,35
13/8/2013,23:21,27
13/8/2013,23:22,34
13/8/2013,23:23,38
13/8/2013,23:24,33
13/8/2013,23:25,32
13/8/2013,23:26,40
13/8/2013,23:27,39
13/8/2013,23:28,39
13/8/2013,23:29,37
13/8/2013,23:30,29
13/8/2013,23:31,26
13/8/2013,23:32,40
13/8/2013,23:33,36
13/8/2013,23:34,26
13/8/2013,23:35,36
13/8/2013,23:36,38
13/8/2013,23:37,27
13/8/2013,23:38,33
13/8/2013,23:39,36
13/8/2013,23:40,35
13/8/2013,23:41,26
13/8/2013,23:42,28
13/8/2013,23:43,40
13/8/2013,23:44,40
13/8/2013,23:45,32
13/8/2013,23:46,40
13/8/2013,23:47,30
13/8/2013,23:48,30
13/8/2013,23:49,35
13/8/2013,23:50,34
13/8/2013,23:51,35
13/8/2013,23:52,36
13/8/2013,23:53,33
13/8/2013,23:54,40
13/8/2013,23:55,39
13/8/2013,23:56,39
13/8/2013,23:57,35
13/8/2013,23:58,32
13/8/2013,23:59,30
